Kmer,ACC,category
1,0.579744,acc
2,0.7048872,acc
3,0.7421364,acc
1,0.610835,max
2,0.723442,max
3,0.754247,max
1,0.528327,min
2,0.691573,min
3,0.735125,min
